TIME_PERIOD,GDP Netherlands,GDP Poland,GDP Romania,Netherlands traffic volume relative to GDP,Poland traffic volume relative to GDP,Romania traffic relative to GDP
2018,,,,,,
2019,-0.004376367614879695,0.017035775127768327,0.03734439834024905,-0.01626898047722347,0.0792682926829269,0.01984126984126977
2020,0.00439560439560438,0.0,0.0,-0.2943770672546858,-0.13559322033898302,-0.08171206225680927
